{"cameraMode":{"drawMode":0,"name":"Shaded","section":"Shading Mode"},"sceneLighting":false,"audioPlay":false,"sceneViewState":{"showFog":true,"showMaterialUpdate":true,"showSkybox":false,"showFlares":true,"showImageEffects":true,"showParticleSystems":true},"in2DMode":false,"pivot":{"x":0.008446317166090012,"y":-0.07333067059516907,"z":-0.018963992595672609},"rotation":{"x":-0.04787282645702362,"y":0.9515537023544312,"z":-0.1971626579761505,"w":-0.231045663356781},"size":0.4829244613647461,"orthographic":false}