{"cameraMode":{"drawMode":0,"name":"Shaded","section":"Shading Mode"},"sceneLighting":true,"audioPlay":false,"sceneViewState":{"showFog":true,"showMaterialUpdate":true,"showSkybox":true,"showFlares":true,"showImageEffects":true,"showParticleSystems":true},"in2DMode":false,"pivot":{"x":10.297321319580079,"y":4.829298496246338,"z":-8.218844413757325},"rotation":{"x":0.08997724205255509,"y":0.619160532951355,"z":-0.07155662029981613,"w":0.7768874764442444},"size":14.272130966186524,"orthographic":false}